Position,Orig,Text,Encoding
000ef2d8,NPJH50515,,UTF-8
000ef30c,NPJH50515,,UTF-8
000efec8,NPJH50515,,UTF-8
000eff50,NPJH90164,,UTF-8
000ef328,"ダンガンロンパ　希望の学園と絶望の高校生
PSP® the Best",,UTF-8
000ef3bc,"記録メディアの空き容量が不足しています。
このゲームのデータをセーブするには
空き容量が%dKB以上必要です。",,UTF-8
000ef458,セーブ処理がキャンセルされました。,,UTF-8
000ef48c,"セーブに失敗しました。
(Debug:プログラムエラー 0x%x)",,UTF-8
000ef4d4,ロード処理がキャンセルされました。,,UTF-8
000ef508,"メモリースティック™ が差さっていません。
このゲームのデータをセーブするには
空き容量が%dKB以上必要です。",,UTF-8
000ef5a4,"ロードに失敗しました。
(Debug:プログラムエラー 0x%x)",,UTF-8
000ef5ec,セーブデータがありません。,,UTF-8
000ef614,メモリースティック™ が差さっていません。,,UTF-8
000ef654,セーブを続けますか？,,UTF-8
000ef674,セーブデータを削除しますか？,,UTF-8
000efa68,"%s　は
既にインストールされています。

インストールデータを削除して、再インストールしますか？",,UTF-8
000efaf4,"%s　の
インストールデータが破損しています。

インストールデータを削除して、再インストールしますか？",,UTF-8
000efb88,"メモリースティック™のアクセスに失敗したため、
UMD®からゲームデータを読み込みます。

インストールデータからゲームデータを読み込むには、「インストール機能」を「有効」にしてください。",,UTF-8
000efc98,"インストールデータが破損しているため、
UMD®からゲームデータを読み込みます。

インストールデータからゲームデータを読み込むには、インストールデータを再インストールしてください。",,UTF-8
000efda0,インストールを中断しました。,,UTF-8
000efdcc,セーブデータを削除しますか？,,UTF-8
000efdf8,"メモリースティック™ が差さっていません。

インストールをするメモリースティック™ を
差してから INSTALL DATA を選択してください。",,UTF-8
000efed4,"ダンガンロンパ　希望の学園と絶望の高校生
PSP® the Best",,UTF-8
000eff20,セーブデータ,,UTF-8
000eff34,新規セーブデータ,,UTF-8
000eff5c,"体験版をプレイして頂き、誠にありがとうございます。
このセーブデータがあると、製品版で何かいいことが…？

モノクマメダル%d枚獲得！",,UTF-8
000f001c,"ダンガンロンパ　希望の学園と絶望の高校生
体験版",,UTF-8
000f0064,インストールデータ,,UTF-8
000f0080,"「ダンガンロンパ　希望の学園と絶望の高校生
PSP® the Best」のインストールデータです。",,UTF-8
000f0100,CHAPTER %02d,,UTF-8
000f0110,PROLOGUE,,UTF-8
000f011c,EPILOGUE,,UTF-8
000f0128,END,,UTF-8
000f012c,学園生活,,UTF-8
000f013c,学園生活 （非）日常編,,UTF-8
000f015c,学園生活 （非）日常編 自由行動,,UTF-8
000f018c,学園生活 非日常編,,UTF-8
000f01a8,学園生活 非日常編 捜査,,UTF-8
000f01cc,学園生活 裁判決着,,UTF-8
000f01e8,学園生活 セーブポイント,,UTF-8
000f020c,学級裁判,,UTF-8
000f021c,学級裁判 弁論準備,,UTF-8
000f0238,学級裁判 中断,,UTF-8
000f024c,DAY TIME,,UTF-8
000f0258,NIGHT TIME,,UTF-8
000f0264,MORNING,,UTF-8
000f026c,MIDNIGHT,,UTF-8
000f0278,TIME UNKNOWN,,UTF-8
000f0288,PHASE %02d,,UTF-8
000f0294,モノクマメダル %d 枚,,UTF-8
000f02b4,セーブ回数 %d 回,,UTF-8
